Number,coords.x1,coords.x2
1,678061.4399,7218002.218
2,676332.1886,7224367.235
3,688162.0925,7227834.816
4,669206.8013,7234429.917
5,696424.1002,7234973.262
6,679217.0204,7237023.57
7,703719.9977,7237588.285
8,691953.1127,7239572.843
9,711912.2681,7239278.865
10,668400.325,7242604.414
11,678392.6347,7243385.705
12,697487.7226,7245847.551
13,675740.0621,7248866.201
14,712974.2594,7249248.456
15,681210.4911,7250611.22
16,702092.6143,7250320.623
17,693025.954,7251358.818
18,717585.6627,7253717.979
19,678545.646,7255186.912
20,696709.7285,7254939.913
21,706700.5042,7254793.857
22,674039.1539,7257969.671
23,684031.0638,7257840.17
24,689506.2602,7259583.383
25,701317.14,7259416.423
26,719517.6516,7260957.184
27,675016.4667,7263409.328
28,680468.7246,7263339.333
29,695008.5972,7263142.167
30,686854.3443,7265072.551
31,703227.6254,7265751.199
32,666882.0459,7267145.476
33,708695.2162,7266579.178
34,696903.6003,7268570.159
35,680563.3924,7270610.988
36,723299.048,7269989.522
37,673312.605,7272522.12
38,703320.8437,7272115.481
39,688795.6788,7274139.544
40,716095.0646,7274651.951
41,669719.844,7276204.602
42,710651.1877,7275645.284
43,726115.8621,7275402.612
44,677007.6474,7277023.545
45,683374.9228,7276941.143
46,670696.2133,7281651.68
47,693444.0704,7281354.781
48,708913.7162,7281131.674
49,714373.8216,7281048.828
50,680716.8298,7282435.559
51,722578.7344,7281830.636
52,687098.8826,7283261.636
53,711712.7487,7285641.349
54,673493.679,7287078.401
55,719023.9003,7287349.929
56,693544.9198,7288636.297
57,685363.2615,7289657.666
58,700841.5027,7289444.132
59,722723.7298,7290934.798
60,676293.204,7292506.824
61,703652.4504,7294868.867
62,689091.1021,7295983.71
63,713686.1767,7295630.775
64,675450.9246,7297982.939
65,695492.7428,7297718.286
66,725602.2948,7300001.289
67,690987.1684,7301425.461
68,702873.0463,7303993.759
69,696505.5842,7304995.698
70,716573.4363,7305613.304
71,691061.3454,7306894.003
72,710205.6722,7306621.566
73,729351.5144,7306323.093
74,703863.5926,7309450.473
75,696594.5033,7311377.655
76,709375.1457,7312106.188
77,720319.6391,7311939.783
78,692072.1466,7314176.338
79,703955.6991,7315834.679
80,714902.7694,7315672.682
81,719506.6232,7318339.829
82,724112.3014,7321006.142
83,707698.2576,7322168.807
84,692195.8623,7323300.035
85,715041.1234,7324798.391
86,705026.1568,7326772.604
87,719647.8102,7327467.481
88,709631.28,7329445.194
89,683175.1744,7331636.728
90,714238.2195,7332116.949
91,705118.2279,7333164.651
92,674077.1678,7334490.868
93,726169.7662,7335587.476
94,719788.6354,7336601.003
95,737148.5697,7336323.209
96,711579.5091,7337638.854
97,706123.8992,7339546.423
98,684241.4777,7343501.034
99,739082.9752,7342690.247
100,673285.6594,7344551.87
101,710760.0817,7344049.47
102,716244.6101,7343967.712
103,722643.3906,7343869.67
104,672382.7108,7345476.872
105,697975.9617,7345146.119
106,708031.1383,7345003.657
107,715344.2546,7344895.61
108,740942.0124,7344487.998
109,732728.6836,7345538.265
110,666016.5095,7348294.621
111,702585.1962,7347824.817
112,693454.8849,7348865.294
113,719985.1802,7349397.77
114,659647.9696,7351109.924
115,741948.8065,7349959.226
116,709953.0342,7351377.354
117,654181.7538,7352998.565
118,702662.6065,7353311.549
119,731017.8358,7352883.909
120,684382.3812,7354472.326
121,746584.7028,7353540.449
122,664271.8081,7355630.748
123,695370.5165,7355242.142
124,714594.0204,7355883.323
125,735636.545,7355554.235
126,651486.6563,7357600.491
127,742056.5788,7356362.954
128,721026.1435,7357616.295
129,700909.9439,7358826.005
130,709144.8352,7358708.853
131,726530.5466,7358446.058
132,646959.8178,7362222.022
133,716506.1913,7361346.12
134,737556.9221,7361014.874
135,761355.9314,7360603.363
136,730249.3048,7362048.871
137,636912.5795,7364151.024
138,691821.2084,7363526.074
139,746741.3534,7362692.04
140,703732.3925,7364278.421
141,723884.7231,7364895.801
142,755012.8992,7364379.975
143,643345.3315,7366834.387
144,697350.1526,7366198.095
145,711081.8967,7366004.123
146,733969.9227,7365651.807
147,763286.867,7366063.587
148,717517.851,7367740.251
149,728519.9758,7368486.571
150,739508.8864,7368308.887
151,690990.5963,7369946.217
152,701978.4342,7369797.118
153,747782.2942,7370001.86
154,708414.5792,7371537.797
155,734058.7645,7371146.262
156,679121.5817,7372845.361
157,684627.8991,7373692.246
158,715768.4592,7373262.367
159,723096.2338,7373151.486
160,756074.2918,7372606.614
161,697487.4099,7376271.271
162,704816.012,7376169.74
163,648033.8297,7377775.687
164,719501.5714,7377787.973
165,653549.0115,7379550.716
166,659045.622,7379491.623
167,711268.686,7378826.463
168,747006.714,7378263.082
169,636152.2479,7380640.203
170,756187.4407,7379020.952
171,681972.1685,7381055.486
172,689314.5633,7381878.301
173,701227.7713,7381718.46
174,726888.9694,7381341.016
175,742485.6889,7382006.358
176,649931.847,7384170.098
177,661844.9075,7384042.607
178,707668.9538,7383461.355
179,695766.2568,7384542.913
180,714098.443,7384285.076
181,679279.6919,7385671.77
182,720528.9124,7385106.074
183,655459.4499,7386861.891
184,729710.8213,7385881.281
185,690302.7529,7387365.687
186,701341.6736,7389968.598
187,725183.3435,7389620.455
188,680264.1963,7391160.982
189,746291.643,7390197.135
190,644515.3304,7392475.205
191,686694.4623,7391997.363
192,709620.5977,7391686.558
193,717874.5344,7391565.853
194,650942.9902,7393327.269
195,735315.2646,7392212.92
196,657371.5774,7394176.608
197,667459.0371,7394064.619
198,695889.237,7393711.55
199,741766.44,7393942.843
200,725268.1139,7395123.702
201,768389.4672,7394396.572
202,690422.178,7396535.859
203,714273.2398,7396206.325
204,754642.2822,7395560.004
205,762900.5683,7395414.064
206,684929.9847,7397523.697
207,702360.0932,7397293.331
208,662924.801,7398702.321
209,720722.7277,7397945.912
210,745512.9385,7398469.521
211,645514.2019,7400720.349
212,653770.8675,7400636.129
213,710656.4333,7399929.532
214,695987.3836,7401050.607
215,688658.3863,7402064.424
216,670316.7764,7403206.398
217,715284.9062,7402616.064
218,659315.2475,7404247.596
219,723559.2235,7403410.509
220,651065.8104,7405252.491
221,699707.7708,7404672.088
222,705214.9629,7404596.226
223,684116.204,7405793.638
224,756637.9251,7404706.619
225,643742.2482,7407161.576
226,739208.7404,7405918.883
227,692401.0594,7407523.766
228,719024.5104,7407151.577
229,710774.8913,7408190.344
230,653876.4877,7410731.204
231,686939.7221,7411267.134
232,697958.4812,7411123.26
233,728262.6426,7410685.067
234,715419.2697,7411796.933
235,663087.582,7413386.953
236,706248.5573,7412846.616
237,641059.1707,7414532.336
238,649323.4576,7414451.031
239,679627.6874,7414113.282
240,731993.9319,7414301.708
241,775173.3955,7413559.85
242,692520.9216,7416706.636
243,760505.3459,7415664.211
244,637420.3902,7418240.377
245,654871.6122,7418067.835
246,660382.7171,7418009.065
247,684265.3463,7417730.623
248,722849.5672,7417199.206
249,736631.204,7416984.962
250,709081.7761,7418319.298
251,703581.9928,7419314.979
252,715526.4976,7419145.754
253,642957.8385,7420943.804
254,650307.1009,7420870.986
255,727485.7508,7419885.776
256,775276.0986,7419073.778
257,664097.5987,7421643.344
258,630113.1459,7422899.792
259,689835.9485,7422254.698
260,698106.2372,7422146.375
261,741300.2222,7421505.529
262,720189.0271,7423673.059
263,712849.2587,7424699.614
264,768022.758,7424724.538
265,649453.2854,7427312.342
266,677945.5807,7426998.044
267,734953.9344,7427124.501
268,689918.3222,7428688.44
269,779108.5725,7427279.832
270,666946.9869,7429883.806
271,696365.6945,7429524.107
272,716593.0139,7429242.978
273,723948.8371,7429133.91
274,684425.3695,7430596.64
275,729480.0666,7429969.26
276,644902.8191,7431953.878
277,740544.9908,7431634.115
278,692735.8489,7433250.203
279,775515.0832,7431947.619
280,652285.819,7434638.716
281,721258.7801,7433773.358
282,687241.44,7435159.919
283,710247.8204,7435772.877
284,780166.8883,7434621.925
285,729579.368,7436407.667
286,695567.0931,7438732.898
287,718566.9559,7438413.604
288,765494.1864,7437652.06
289,725021.2038,7439237.93
290,676270.5657,7440813.546
291,650521.0245,7442015.408
292,683653.2731,7442564.987
293,710338.6021,7442213.122
294,747151.0037,7441649.445
295,756355.1233,7441494.324
296,645019.0701,7443910.051
297,691946.4449,7443381.088
298,721395.3068,7442973.866
299,782163.8113,7442870.979
300,715899.9445,7444895.386
301,771132.7317,7443996.08
302,653328.1392,7446587.967
303,706708.5841,7445945.825
304,726038.7651,7445666.306
305,659779.8999,7447440.895
306,680948.5421,7447200.005
307,689255.6233,7448938.578
308,773074.8429,7449487.719
309,678242.0619,7451835.837
310,717834.5061,7451313.123
311,684698.2586,7452678.608
312,699430.8713,7452490.049
313,708639.1956,7452364.845
314,725228.9132,7453046.161
315,655254.4475,7454853.742
316,730768.9813,7453883.258
317,779590.8039,7453053.578
318,711440.6641,7455089.018
319,722493.2984,7454929.399
320,728954.9557,7455753.658
321,778720.795,7455834.805
322,772287.436,7456874.456
323,674644.9617,7459246.324
324,643363.455,7463261.721
325,725366.9023,7462258.726
326,775136.089,7461432.304
327,721734.961,7465999.939
328,734639.8317,7465804.875
329,641572.7957,7468807.652
330,710699.9594,7468001.864
331,727307.1382,7468683.264
332,683991.1681,7470194.524
333,722751.7824,7472440.023
334,734740.027,7472258.886
335,639780.7073,7474355.323
336,695112.7821,7474665.938
337,677603.3057,7475803.52
338,713569.4995,7475339.47
339,731107.53,7476004.813
340,773542.7694,7475298.637
341,660102.534,7477842.945
342,637995.5742,7480827.015
343,697028.9482,7480176.038
344,716402.1184,7479912.384
345,704421.4304,7481001.066
346,726564.3799,7480687.043
347,777317.5359,7479845.446
348,788410.3117,7480562.235
349,719249.6525,7485409.197
350,787609.3886,7487042.232
351,728534.3926,7488965.775
352,700852.8367,7490278.711
353,723008.8754,7489970.957
354,784925.3968,7491711.941
355,706441.5703,7493897.825
356,676906.1787,7495191.656
357,727693.8119,7494519.649
358,740652.4484,7496168.861
359,724067.3993,7499192.401
360,772142.2322,7500262.452
361,676991.5426,7502579.99
362,729665.4788,7502805.973
363,698286.7086,7506015.927
364,714920.4149,7505792.255
365,755585.9028,7505169.549
366,723264.5679,7507522.091
367,738977.796,7507285.901
368,675217.7714,7509068.867
369,728851.5246,7510213.708
370,703916.8756,7512413.322
371,712262.7397,7514150.087
372,698405.7885,7515259.334
373,720597.6694,7514957.976
374,727070.711,7514864.057
375,734496.8145,7516603.034
376,703077.5687,7518898.176
377,708639.2642,7519749.162
378,716963.8294,7519634.573
379,722527.0214,7520480.705
380,790992.3111,7519343.903
381,696638.9323,7521756.643
382,729029.8366,7522236.436
383,704988.5693,7523498.774
384,712389.8211,7523399.029
385,698548.2252,7526358.745
386,717067.5598,7527036.093
387,726321.8685,7526903.817
388,703223.1574,7530000.455
389,711552.9998,7529889.219
390,740261.385,7530397.523
391,696768.0336,7531934.983
392,719922.4436,7532550.524
393,749548.6633,7532103.253
394,700518.216,7535590.599
395,706073.3326,7535518.062
396,732924.9763,7535139.481
397,805164.9035,7533890.872
398,743125.4241,7535909.795
399,714431.7504,7537257.441
400,727423.2545,7538925.862
401,708925.3956,7541037.29
402,738580.1014,7541538.72
403,703392.3594,7542963.165
404,720066.2393,7542737.161
405,714520.8625,7543740.841
406,732123.0285,7543489.288
407,758992.3901,7543067.036
408,725664.5996,7545437.265
409,708073.1848,7546607.861
410,701599.4882,7547619.295
411,718291.101,7548322.261
412,734999.8406,7549934.462
413,712768.8199,7551179.005
414,722964.1231,7551037.34
415,728552.4098,7552811.161
416,797162.6936,7551661.733
417,803654.2463,7551537.428
418,707244.6665,7554034.134
419,769376.4347,7554018.463
420,742500.8439,7555383.9
421,762900.9359,7555055.768
422,701718.6382,7556887.648
423,720261.5652,7556638.754
424,808364.0888,7555157.071
425,734183.5918,7557364.976
426,708245.3174,7559584.678
427,726792.0621,7559328.347
428,739789.8631,7560063.351
429,815859.835,7558720.825
430,773214.5533,7561374.745
431,731497.1308,7563898.513
432,738004.9225,7564729.581
433,745427.0933,7564615.869
434,740802.3618,7565615.144
435,766783.1112,7565197.375
436,728754.4787,7566722.337
437,746412.7992,7568313.018
438,774303.5024,7570639.044
439,741843.7253,7573025.316
440,732574.94,7574092.591
441,801297.4251,7573863.644
442,759527.1271,7575531.434
443,767899.6028,7576321.032
444,780900.5935,7576096.128
445,724273.1447,7577926.406
446,743771.6265,7577638.894
447,805994.6682,7576561.052
448,774448.1496,7578996.086
449,739170.9135,7580495.338
450,732683.8151,7581520.531
451,722494.2344,7583524.202
452,743871.3571,7584140.032
453,777331.7782,7584521.592
454,737410.5292,7587025.253
455,729991.6103,7588063.279
456,748574.0117,7587784.414
457,765299.6934,7587514.88
458,771820.3765,7588334.619
459,743041.5709,7590658.006
460,748660.8458,7593360.371
461,828615.1722,7591916.453
462,776579.7537,7594761.594
463,752437.5028,7597020.562
464,745014.0831,7598065.805
465,831520.6088,7597439.533
466,737603.8573,7600037.36
467,748790.7953,7601727.961
468,803667.7234,7600783.205
469,755359.885,7605346.168
470,743281.4405,7606463.92
471,749836.4103,7609155.083
472,835494.3271,7609460.602
473,748047.1855,7613836.534
474,756438.2022,7614636.336
475,765746.1022,7614485.787
476,821641.2797,7615331.821
477,751842.4597,7618432.998
478,838463.0738,7617783.596
479,746285.1342,7620380.996
480,740712.8251,7621396.075
481,776128.388,7622693.954
482,797550.826,7622314.726
483,834814.1558,7621587.515
484,751929.3711,7624019.716
485,788252.9501,7623414.542
486,769640.0314,7624666.475
487,821826.4224,7624646.913
488,746384.1992,7626899.582
489,778086.8796,7628251.238
490,839589.7683,7627081.918
491,796738.5899,7628853.377
492,805142.8724,7629629.995
493,741796.4738,7631627.223
494,748318.1986,7631528.985
495,791181.015,7630818.223
496,759513.6757,7632286.256
497,842503.7342,7632616.611
498,753034.6249,7635184.493
499,744661.4527,7636244.474
500,771689.6473,7635816.459
501,783807.0597,7635610.008
502,794993.1366,7635411.422
503,776381.6803,7637602.432
504,790365.3732,7637359.565
505,749363.9425,7638970.009
506,758685.3959,7638824.959
507,844467.0463,7637239.982
508,782039.4213,7641236.107
509,771798.2607,7642342.298
510,840814.2427,7641049.324
511,746637.9309,7643673.694
512,802589.1511,7642734.452
513,752246.6371,7644520.829
514,788616.0783,7643919.871
515,736422.4632,7646622.306
516,691689.5786,7649071.726
517,761631.0019,7648104.896
518,745789.4929,7649282.905
519,757011.3166,7650976.966
520,774736.3581,7650689.899
521,785948.2958,7651431.739
522,752375.7869,7652915.085
523,764519.3446,7653657.341
524,744940.2602,7654893.922
525,758032.0291,7656560.428
526,765542.714,7659241.576
527,749690.2187,7660422.894
528,808500.7128,7659427.362
529,851475.5493,7659501.476
530,780540.8014,7662728.409
531,824428.972,7661924.209
532,754414.5546,7664085.459
533,767485.1288,7663878.963
534,761898.139,7664902.374
535,844081.6505,7663395.249
536,749774.937,7666023.913
537,729248.398,7667255.052
538,791811.1026,7666269.535
539,852529.1975,7665086.524
540,814244.9523,7666792.88
541,734876.6864,7669043.856
542,745162.0165,7669828.761
543,751713.2707,7670664.611
544,804972.805,7670704.369
545,790975.633,7671890.538
546,855452.5631,7670633.528
547,759228.7103,7673351.569
548,828368.6024,7672126.996
549,797549.0332,7673643.162
550,745244.8782,7675432.812
551,753652.5614,7675306.509
552,737785.0613,7676475.659
553,750864.069,7676283.305
554,811600.6395,7675254.983
555,746220.5745,7678221.739
556,756498.4712,7678066.362
557,805093.0152,7677245.618
558,796698.0773,7678332.488
559,792057.6971,7680284.551
560,858458.248,7679922.607
561,751897.3304,7682810.217
562,775264.3105,7682440.59
563,729480.6295,7684068.71
564,808000.7533,7682802.864
565,781839.2316,7684200.867
566,756613.6367,7685543.084
567,803359.9322,7684758.605
568,739814.8369,7687662.905
569,747293.5619,7687553.84
570,773471.4599,7687145.68
571,859514.4631,7685514.685
572,794075.4897,7688666.442
573,760440.3097,7691095.018
574,742687.1727,7692297.235
575,779159.5803,7691728.641
576,802543.3934,7691322.241
577,817510.8522,7691044.944
578,729621.8742,7694352.1
579,748325.5783,7694085.298
580,783867.7909,7693520.711
581,754886.5287,7694922.263
582,797916.2829,7694212.557
583,811031.8963,7694910.22
584,740884.1973,7697000.346
585,790464.4726,7696215.06
586,862584.4898,7697620.613
587,725034.0062,7700962.656
588,809246.7515,7699623.841
589,817670.3712,7699466.679
590,834519.0532,7699139.64
591,746578.769,7702532.023
592,760614.657,7702320.393
593,792433.4542,7701797.223
594,803665.079,7701598.16
595,740978.107,7703549.079
596,754092.7042,7704292.176
597,814950.0771,7704200.022
598,863642.2304,7703218.758
599,799987.8429,7705409.688
600,748519.2118,7707183.637
601,808448.038,7707130.121
602,823430.2833,7706849.38
603,724210.6233,7709396.604
604,758843.7961,7708900.83
605,788802.086,7708414.584
606,754191.466,7710844.279
607,765426.1745,7710671.426
608,793532.3931,7711142.944
609,865657.531,7709735.456
610,742984.3661,7712882.028
611,836634.403,7711276.04
612,760788.3085,7713553.284
613,803884.3286,7713770.599
614,815124.9015,7713564.908
615,770197.2804,7716215.807
616,778626.8116,7716079.184
617,786120.0798,7715954.208
618,810475.6025,7715525.067
619,867653.6414,7715317.406
620,764607.0803,7718177.779
621,797393.5198,7717634.104
622,743078.4698,7719437.018
623,754318.1052,7719272.155
624,790867.8596,7719621.651
625,759966.8894,7721060.413
626,772145.6633,7720869.467
627,783419.6521,7722559.383
628,820905.1492,7721892.42
629,751577.5455,7723997.97
630,736600.6276,7725150.138
631,775954.0379,7724556.893
632,803131.8531,7724093.963
633,840626.39,7723383.894
634,855626.9908,7723076.616
635,758164.4827,7725773.595
636,787231.1368,7726245.028
637,771313.4929,7727443.729
638,794745.5895,7727054.114
639,763830.4261,7728498.78
640,780701.3886,7728229.059
641,805090.3759,7728747.363
642,821028.9843,7728454.458
643,742315.3663,7731630.648
644,753576.9504,7732404.486
645,767638.2511,7732189.705
646,777013.0737,7732040.063
647,797639.5306,7731692.669
648,825770.896,7731178.631
649,762027.9934,7733214.465
650,782653.7446,7732885.365
651,790170.5796,7733697.156
652,814552.2856,7733265.394
653,830496.3026,7732964.2
654,820214.5514,7735036.635
655,770524.8857,7736833.36
656,799613.468,7737286.601
657,787436.3797,7738433.719
658,794002.0024,7738322.185
659,824957.9603,7737762.347
660,837154.5159,7737526.375
661,764004.3009,7739749.263
662,777134.6868,7739541.778
663,782793.2734,7741325.772
664,870077.9415,7740601.966
665,875710.1223,7740479.428
666,753743.7884,7743656.804
667,802526.7338,7742865.794
668,766890.8814,7744395.617
669,772519.7024,7744307.156
670,810050.0604,7743670.096
671,778163.9101,7745155.051
672,828836.6424,7744259.2
673,782901.499,7747893.418
674,823258.4848,7747181.898
675,839216.591,7746874.375
676,877711.5332,7746071.489
677,793288.373,7751474.754
678,809246.7406,7751195.59
679,769837.7563,7752796.928
680,779254.4109,7754524.788
681,879734.6487,7752604.76
682,828094.9373,7754604.16
683,774590.589,7756477.705
684,785872.4623,7757233.734
685,842238.0219,7757148.304
686,790598.8339,7759033.425
687,811259.7994,7758673.715
688,752114.9204,7760576.622
689,781223.6463,7760127.787
690,832899.1088,7760149.935
691,854507.9216,7759720.569
692,758757.6007,7765174.945
693,847066.7599,7763631.541
694,884661.8229,7762837.74
695,794466.9801,7765544.784
696,810438.4977,7765266.199
697,782269.843,7766687.273
698,829248.533,7765859.252
699,776648.3147,7767717.49
700,788861.646,7767518.528
701,855601.7684,7767219.689
702,826517.7368,7770611.688
703,889509.6986,7769314.383
704,760748.835,7772662.141
705,784256.2945,7773233.958
706,860399.345,7771823.609
707,769234.6952,7774412.774
708,789910.8469,7774080.807
709,846333.0971,7773990.505
710,763638.8328,7777318.48
711,891517.4622,7774915.612
712,779632.7664,7778009.573
713,884012.5525,7776023.736
714,785288.3999,7778858.334
715,716696.8669,7781724.6
716,848326.3828,7779595.779
717,790976.1554,7781585.874
718,797558.3628,7781475.041
719,669726.6067,7784123.626
720,894467.2719,7780497.438
721,775961.7931,7783710.394
722,781603.7552,7783620.479
723,834271.8606,7782693.245
724,823942.2868,7783828.566
725,787276.7834,7785409.593
726,784470.6538,7786396.144
727,790129.3934,7787244.159
728,779798.1961,7788352.949
729,801433.1049,7787994.338
730,858827.8907,7786913.471
731,839102.7615,7789188.875
732,886164.0414,7788216.125
733,829710.1876,7790309.235
734,783621.3869,7792055.337
735,777991.5127,7793086.375
736,790222.7261,7792888.637
737,797750.087,7792762.709
738,803395.8454,7792666.141
739,816570.0952,7792433.739
740,846687.1745,7791865.309
741,863630.9604,7791522.788
742,882501.0041,7793006.107
743,844896.9425,7796609.226
744,861845.0395,7796269.134
745,784668.7546,7798627.061
746,798786.8916,7798393.339
747,804434.5018,7798296.675
748,834558.7062,7797750.454
749,791272.6167,7799460.633
750,795100.6515,7803163.547
751,787584.3114,7804229.235
752,807356.7601,7803896.386
753,800781.6881,7804951.391
754,862018.9014,7804745.778
755,900714.079,7806739.972
756,793326.9691,7809786.421
757,798993.8842,7810633.858
758,804661.6026,7811479.607
759,856574.9854,7815226.025
760,794393.7337,7817307.025
761,863192.5308,7816035.09
762,902791.7361,7815182.121
763,801005.409,7818138.925
764,790686.4032,7821138.226
765,809535.6465,7820820.775
766,840660.1732,7821195.99
767,874624.2895,7821457.959
768,801100.9441,7823793.731
769,903884.4458,7821762.981
770,795460.9443,7824830.871
771,818085.814,7824442.093
772,807748.1475,7826509.371
773,864347.1458,7826388.476
774,716343.5668,7829734.606
775,799310.4487,7829481.975
776,872915.2891,7829987.038
777,817276.8354,7832002.61
778,866330.1997,7831066.84
779,706031.3869,7834569.454
780,804089.0819,7833174.634
781,877692.5845,7832719.027
782,797518.5746,7835171.677
783,846572.7441,7834291.296
784,853196.0796,7835106.089
785,810756.4934,7836834.535
786,894742.5686,7835184.867
787,908946.0855,7836756.251
788,795709.8171,7839919.379
789,804200.9157,7839777.787
790,713662.1876,7842024.069
791,722161.4667,7842864.438
792,859914.894,7840637.755
793,870337.6821,7842315.305
794,810886.8719,7844383.115
795,798649.5964,7846477.97
796,805256.2937,7846367.433
797,818470.5595,7846139.08
798,692996.7127,7849803.667
799,825112.1368,7847909.285
800,812856.2121,7849070.002
801,808168.3132,7851039.195
802,877104.6041,7849733.312
803,913949.0313,7848927.44
804,818570.3946,7851803.482
805,840289.0132,7851408.127
806,869567.4727,7850833.846
807,801591.2244,7853038.782
808,707212.3875,7855308.391
809,852621.4499,7854006.66
810,737438.1458,7856825.67
811,825247.8712,7855463.357
812,805431.5442,7856752.602
813,812042.3351,7856640.098
814,876277.774,7855421.325
815,742183.1563,7858651.312
816,866867.6179,7857504.583
817,841393.3789,7859891.66
818,814012.8276,7861330.285
819,819681.0059,7861231.521
820,827255.9251,7862041.866
821,847098.4502,7861674.087
822,902883.8412,7861469.838
823,808392.8929,7864261.424
824,834849.4106,7863794.152
825,915239.7797,7864030.339
826,817890.5377,7866933.74
827,825450.7181,7866800.384
828,844352.9567,7866453.23
829,831155.4275,7868588.573
830,837771.8744,7868467.332
831,806598.6262,7869962.875
832,812301.4765,7871757.112
833,870916.6558,7870661.629
834,819879.8608,7872571.64
835,826514.0203,7873400.074
836,833131.9594,7873280.776
837,843532.2205,7873088.454
838,808584.4584,7875602.434
839,852078.5015,7874817.933
840,814289.2684,7877396.913
841,838874.7117,7876958.927
842,829435.2517,7878076.936
843,876726.7158,7877166.427
844,846476.0782,7878709.063
845,806788.5858,7881307.271
846,869216.0078,7880158.4
847,835178.4037,7881757.331
848,840853.8975,7881652.93
849,851259.5919,7881456.957
850,814386.4148,7883070.869
851,904289.015,7882260.412
852,864560.679,7884037.519
853,874969.9026,7883828.331
854,894864.8409,7884359.053
855,830533.9704,7886572.917
856,837156.8826,7886452.882
857,788940.8596,7889164.506
858,846654.3451,7888169.794
859,901552.7145,7887055.714
860,808822.7013,7889788.606
861,852350.4537,7889008.541
862,858029.02,7888899.191
863,841957.928,7890150.815
864,867512.7127,7889659.583
865,895933.3726,7890018.883
866,828742.9306,7892284.219
867,814563.9444,7893477.681
868,836331.4607,7893094.397
869,863801.0677,7893521.149
870,809864.0247,7895450.318
871,848672.0606,7894759.62
872,868572.5589,7895321.035
873,813681.783,7897279.492
874,863856.9211,7896361.571
875,845902.8094,7898599.925
876,873383.3315,7899014.143
877,916979.1799,7899032.869
878,822299.5029,7902813.623
879,928393.5558,7900669.046
880,806219.1014,7904032.754
881,811900.1333,7903938.27
882,790138.7793,7905237.745
883,861163.7772,7903993.602
884,868741.9852,7903844.812
885,851709.5682,7905122.428
886,934146.3453,7903380.424
887,801561.8009,7908844.718
888,808191.1742,7908736.22
889,847044.1516,7909000.544
890,929516.3313,7908230.368
891,864135.228,7910570.238
892,896358.1411,7909913.263
893,857520.3055,7911646.138
894,934301.0862,7910016.882
895,820585.0615,7913264.819
896,804495.6714,7914481.679
897,916328.4221,7912323.827
898,813985.288,7915272.296
899,851906.1966,7915544.843
900,868019.0961,7915234.636
901,797909.7198,7917430.69
902,860454.5682,7916330.198
903,939153.8564,7914647.894
904,808363.1652,7919156.955
905,875659.4518,7917927.856
906,934455.4096,7916655.718
907,845342.0035,7919459.749
908,918352.0516,7917971.465
909,855787.3484,7920212.64
910,870008.5466,7919937.29
911,865304.9086,7921926.569
912,851118.2644,7924094.368
913,876721.8235,7923598.21
914,942178.5454,7922170.77
915,807524.2945,7925806.9
916,814175.8308,7926645.143
917,857791.8392,7925865.663
918,869190.9272,7926594.048
919,924214.6241,7925433.264
920,881540.8105,7927296.525
921,887252.1105,7928128.919
922,913818.7908,7927563.6
923,873989.8787,7929346.069
924,894861.8599,7928920.032
925,901503.7248,7928779.599
926,849345.1582,7930768.097
927,863573.5429,7930498.961
928,943284.0658,7928792.172
929,814286.5701,7933282.494
930,857918.0133,7932505.145
931,869321.0816,7933234.467
932,806730.701,7935304.07
933,879777.408,7933976.224
934,890216.0761,7933763.359
935,897808.4178,7933604.905
936,850399.3285,7936442.435
937,801085.6891,7938240.959
938,862752.5382,7937158.647
939,884580.0909,7936727.299
940,943440.2205,7935438.308
941,810586.7085,7939036.181
942,816278.5554,7938941.9
943,901685.475,7937321.331
944,873228.7622,7938853.644
945,855214.678,7940149.615
946,892232.2417,7939419.059
947,920715.2476,7938807.588
948,850504.7401,7942136.1
949,868538.673,7941794.077
950,880879.1848,7941550.131
951,812577.8493,7944697.613
952,861930.5206,7943820.529
953,912252.1971,7942793.861
954,874290.3284,7944530.503
955,886633.2849,7944283.124
956,949318.3152,7942902.668
957,854389.7514,7946811.699
958,892369.7032,7946065.432
959,939862.2428,7945025.244
960,880993.5026,7947246.901
961,916134.2003,7946510.136
962,865819.0416,7948494.799
963,812671.5098,7950391.994
964,900027.0846,7948756.373
965,947530.1093,7947698.335
966,825993.51,7952067.742
967,910516.9385,7950433.82
968,817465.0763,7953161.368
969,870640.7406,7952201.563
970,885837.8703,7951899.963
971,920038.68,7951176.817
972,953299.7974,7950414.546
973,876358.1912,7953039.719
974,810850.5156,7955169.644
975,864046.9699,7955179.03
976,905847.7371,7954335.979
977,822292.2112,7957829.373
978,882133.5144,7956726.351
979,901136.8157,7956336.805
980,916341.7411,7956011.485
981,887853.4626,7957561.639
982,817575.5934,7959808.187
983,868869.6762,7958887.796
984,894524.5297,7958375.779
985,926838.8034,7957681.792
986,862237.2911,7959964.95
987,910700.8965,7958986.092
988,921156.5238,7958758.784
989,943972.3467,7958242.883
990,956333.0202,7957952
991,810974.0451,7962766.607
992,951623.6117,7959966.593
993,878445.9615,7962503.182
994,899355.3465,7962078.834
995,905058.5625,7961959.122
996,915515.2148,7961735.218
997,820504.2166,7964509.917
998,891770.9266,7963186.269
999,885136.7261,7964271.535
1000,872799.4594,7965466.041
1001,957420.1356,7963635.477
1002,858579.1772,7967638.396
1003,922274.6013,7966343.877
1004,867151.4539,7968427.356
1005,893769.4263,7967900.482
1006,900424.862,7967762.975
1007,888084.2633,7968967.228
1008,906149.9209,7968594.143
1009,952754.0715,7967553.167
1010,877645.1443,7970126.119
1011,818730.3481,7972142.716
1012,911896.1853,7970374.773
1013,943307.0894,7970628.744
1014,862488.367,7973270.638
1015,871996.0976,7973089.447
1016,883406.3547,7972865.796
1017,741808.4028,7976112.55
1018,814025.2321,7975071.894
1019,892935.128,7973625.234
1020,933836.6617,7972748.085
1021,954769.1094,7972265.537
1022,901514.4712,7974399.984
1023,807402.5842,7977079.971
1024,820710.0701,7976863.465
1025,923413.7904,7974883.444
1026,960524.1692,7974033.31
1027,867332.6453,7977935.085
1028,880647.489,7977677.32
1029,886354.3029,7977564.026
1030,907281.6875,7977134.116
1031,918698.267,7976890.01
1032,811265.8439,7980821.49
1033,873075.5432,7979727.943
1034,898759.276,7979215.358
1035,931110.0445,7978521.079
1036,818887.343,7981648.376
1037,832199.1835,7981424.433
1038,914002.3457,7979846.928
1039,740953.1362,7983726.06
1040,826509.9935,7982472.409
1041,894041.3565,7981215.592
1042,959708.3214,7979767.135
1043,924511.4391,7981523.41
1044,883614.0177,7983328.545
1045,905498.6841,7982882.886
1046,813244.1498,7985544.965
1047,918842.437,7983551.184
1048,875088.3797,7985398.964
1049,944564.92,7983930.764
1050,954085.7722,7983710.135
1051,889399.0722,7987020.913
1052,900819.4552,7986788.492
1053,911289.1516,7986569.506
1054,932231.5514,7986114.496
1055,958891.5856,7985502.502
1056,739134.368,7990403.424
1057,817110.1448,7989287.419
1058,838053.8296,7989885.925
1059,920849.1732,7988269.431
1060,879005.5962,7991034.677
1061,885668.0637,7990903.742
1062,894234.6498,7990732.028
1063,906609.7374,7990477.302
1064,743935.6482,7994147.65
1065,916150.33,7991228.06
1066,935194.2432,7990811.508
1067,868572.7904,7993139.238
1068,901889.2406,7992480.187
1069,928549.4494,7991911.678
1070,815300.299,7995026.111
1071,911470.3115,7995137.923
1072,876260.6376,7996801.322
1073,882924.9078,7996671.689
1074,889608.5587,7997491.911
1075,743067.6685,8000817.065
1076,896293.2363,7998310.002
1077,903931.3244,7999106.302
1078,932506.4067,7998494.728
1079,811600.919,8001748.28
1080,817311.4139,8001656.471
1081,939196.4382,7999298.692
1082,965899.3236,7999634.044
1083,913515.9372,8001764.704
1084,926873.9396,8002431.092
1085,867836.082,8004581.686
1086,874502.4872,8004455.408
1087,881169.2603,8004326.852
1088,886883.9353,8004214.847
1089,814532.5674,8006461.91
1090,892617.9708,8005053.705
1091,900238.7238,8004899.588
1092,908812.684,8004722.646
1093,921198.4703,8004460.405
1094,931679.8641,8004232.358
1095,945974.3672,8003912.295
1096,811691.7799,8007459.497
1097,874538.877,8006360.24
1098,882158.8202,8006213.254
1099,895494.9076,8005948.869
1100,925983.3155,8005310.319
1101,904088.5494,8006726.822
1102,909805.2028,8006608.26
1103,888864.4265,8007987.449
1104,921259.8579,8007319.036
1105,931742.7886,8007091.272
1106,958475.918,8008392.757
1107,808910.633,8012265.192
1108,914649.7712,8010319.918
1109,798451.0107,8013379.074
1110,884175.657,8011892.112
1111,926107.3593,8011028.535
1112,814654.5263,8014079.241
1113,874666.0046,8013028.617
1114,895629.1841,8012618.436
1115,908018.3127,8012365.507
1116,901366.503,8013455.703
1117,921382.4047,8013037.554
1118,945215.7428,8012513.066
1119,889949.3181,8014638.441
1120,957655.5812,8014136.07
1121,810905.26,8017949.425
1122,914770.2164,8016038.919
1123,965307.6251,8014911.166
1124,803300.0077,8019020.512
1125,879521.773,8017702.069
1126,949116.5003,8016240.741
1127,923391.2255,8017763.456
1128,815728.8045,8021684.338
1129,898642.1864,8020186.099
1130,906269.2609,8020030.783
1131,942505.1803,8019252.591
1132,885314.6136,8021404.048
1133,892941.1657,8021253.972
1134,918684.5748,8020725.628
1135,928220.7098,8020521.39
1136,912029.6476,8021819.377
1137,795765.6266,8024851.702
1138,810057.3453,8024633.075
1139,973120.8657,8022361.899
1140,773880.5733,8027072.141
1141,922580.3684,8024459.278
1142,814866.9812,8027416.683
1143,900664.6942,8025868.588
1144,962669.5689,8024518.273
1145,892119.9132,8027947.422
1146,909287.1908,8027600.786
1147,803475.1848,8030453.92
1148,915984.0611,8028415.843
1149,926477.64,8028193.2
1150,811114.7842,8031289.092
1151,791155.6719,8035404.825
1152,912267.3749,8033265.405
1153,974303.1211,8031883.7
1154,781637.3299,8036495.072
1155,903700.044,8034395.45
1156,808343.9427,8037053.295
1157,816924.8976,8036918.716
1158,890362.3528,8035615.685
1159,897994.7467,8035464.714
1160,922803.631,8034953.755
1161,821723.0797,8038749.441
1162,886620.2988,8039506.381
1163,908568.3057,8039069.381
1164,916203.4065,8038911.695
1165,927657.0715,8038669.659
1166,972529.5564,8037657.995
1167,813185.8772,8041746.77
1168,892364.2019,8040348.958
1169,901907.2282,8040159.268
1170,818953.6441,8044517.616
1171,964979.1254,8041657.235
1172,809430.2411,8045621.131
1173,922030.8269,8043564.435
1174,931578.2688,8043360.876
1175,975508.0501,8042365.446
1176,905821.4699,8044854.559
1177,911549.2458,8044737.692
1178,814229.3783,8047454.688
1179,885813.3009,8047159.589
1180,898222.8282,8046916.989
1181,916362.2913,8046548.529
1182,821891.81,8049241.71
1183,807595.7482,8050420.162
1184,927861.0891,8048217.185
1185,972755.1318,8047209.805
1186,903053.6072,8049685.845
1187,934566.8476,8049028.621
1188,892569.8611,8050848.614
1189,912660.9222,8052356.817
1190,921256.5152,8052178.626
1191,897419.2453,8054574.368
1192,928938.3433,8053927.568
1193,821059.5746,8056891.141
1194,903187.5441,8056370.621
1195,953821.2682,8055294.08
1196,812499.3641,8058935.033
1197,946219.1475,8057375.902
1198,826848.2531,8060617.413
1199,893692.5906,8059424.744
1200,807785.2108,8062826.561
1201,831653.0352,8062449.089
1202,955840.4043,8060029.553
1203,912856.442,8061909.374
1204,973069.3273,8060590.033
1205,902365.6392,8063076.653
1206,907181.3699,8064892.12
1207,936808.0862,8064274.727
1208,964596.8855,8066526.17
1209,898656.7363,8068885.544
1210,952209.2134,8068719.469
1211,820346.8619,8072183.219
1212,969444.555,8069285.117
1213,812749.7915,8075167.78
1214,893971.0855,8073757.587
1215,835693.4389,8075758.006
1216,829020.8588,8076822.583
1217,819481.6495,8077930.028
1218,906493.3403,8078293.596
1219,812852.3745,8081855.635
1220,824319.6198,8081676.817
1221,897943.833,8081331.798
1222,913244.9633,8081028.089
1223,887443.6399,8082490.108
1224,818630.5554,8084634.045
1225,919022.6464,8082824.193
1226,901844.0602,8085082.461
1227,909496.0623,8084930.871
1228,969775.0853,8083636.524
1229,894210.9878,8086187.6
1230,811998.7701,8088560.253
1231,963118.9019,8085703.319
1232,885657.2461,8089220.728
1233,922010.4942,8088505.339
1234,898111.101,8089939.911
1235,916289.1117,8089579.395
1236,911543.4676,8091589.476
1237,934530.9121,8092073.838
1238,973780.3995,8091206.853
1239,796802.2671,8095478.723
1240,878093.4003,8094145.886
1241,904883.2974,8093636.196
1242,889592.1271,8094888.527
1243,919257.1693,8094305.765
1244,941272.011,8093845.603
1245,896308.4092,8095717.58
1246,874336.3092,8098042.757
1247,884861.7875,8097849.01
1248,910701.1444,8097350.554
1249,923164.1201,8098056.201
1250,916482.6906,8099149.804
1251,889700.6181,8100630.192
1252,901186.1334,8100410.288
1253,930862.6097,8099812.468
1254,944288.2324,8100486.007
1255,935690.2996,8101627.084
1256,895498.1701,8103392.621
1257,906985.8773,8103169.802
1258,920409.1787,8103859.237
1259,876389.3741,8105664.032
1260,912768.3686,8104970.894
1261,968318.134,8103788.949
1262,1011439.162,8102768.455
1263,900358.5999,8107130.118
1264,931959.984,8106495.699
1265,975090.4361,8106510.622
1266,980839.956,8106378.086
1267,917633.1303,8108705.427
1268,937747.1415,8108290.861
1269,882220.8708,8110345.601
1270,894668.5111,8110112.752
1271,909032.8784,8109834.759
1272,926292.2792,8110445.839
1273,1016374.924,8108401.444
1274,822917.2871,8114224.278
1275,947409.1644,8111918.883
1276,901445.6279,8113815.101
1277,939764.3398,8113040.515
1278,828690.498,8116048.799
1279,835391.5682,8115941.96
1280,934035.6233,8114119.341
1281,892861.9235,8115895.142
1282,906272.1017,8115637.926
1283,913935.7918,8115487.047
1284,920641.9671,8115352.703
1285,928306.6864,8115196.507
1286,1018412.072,8113148.309
1287,829678.0641,8117948.314
1288,897669.3679,8116762.151
1289,911080.7443,8116501.95
1290,917787.0503,8116368.596
1291,924493.7771,8116233.071
1292,937908.5206,8115955.506
1293,955158.6487,8115585.865
1294,963784.8435,8115395.653
1295,1019395.037,8114083.479
1296,930262.5179,8117073.388
1297,837368.1878,8119740.724
1298,906328.1119,8118511.908
1299,946574.266,8117689.252
1300,985877.7992,8116810.765
1301,971518.2455,8118099.512
1302,892970.1544,8121642.815
1303,939926.0681,8120707.081
1304,951428.7,8120461.736
1305,826895.9108,8123738.406
1306,915027.1509,8122175.098
1307,1017619.628,8119886.464
1308,903546.4884,8123358.411
1309,1024359.343,8120678.484
1310,910273.2757,8124186.283
1311,920815.7416,8123976.991
1312,934234.9456,8123702.894
1313,832687.359,8126520.971
1314,927544.7018,8124799.561
1315,947676.4042,8124378.864
1316,898810.0606,8126325.12
1317,953470.5642,8126172.781
1318,959224.0841,8126047.525
1319,1020617.037,8124612.4
1320,800167.6612,8129885.59
1321,917058.3,8127887.744
1322,941984.7367,8127377.328
1323,982263.6821,8126489.797
1324,825084.6855,8130472.51
1325,903657.2388,8129108.743
1326,923807.394,8129670.655
1327,892191.3781,8131243.709
1328,930538.4697,8130492.959
1329,977533.1499,8129477.269
1330,989045.5674,8129212.383
1331,897960.7343,8132094.163
1332,1027455.086,8129243.334
1333,821311.6877,8134363.349
1334,886475.6963,8133267.266
1335,908524.4933,8132850.627
1336,936331.5361,8132292.167
1337,944962.8241,8132111.33
1338,966064.6898,8131654.269
1339,984292.7683,8131242.368
1340,993887.9347,8131019.182
1341,870198.3424,8134518.73
1342,950737.9797,8132947.942
1343,806969.5487,8136493.868
1344,878842.052,8135323.801
1345,828063.0045,8137134.37
1346,916251.5494,8135576.88
1347,925841.3651,8135385.229
1348,896133.7277,8136923.847
1349,902845.5723,8136796.66
1350,931615.32,8136227.23
1351,977663.8259,8135233.913
1352,997817.0669,8134767.458
1353,1008375.325,8134515.368
1354,1029495.682,8133995.175
1355,957535.7579,8136640.347
1356,887540.028,8139001.771
1357,911513.1042,8138547.944
1358,946043.7464,8137846.303
1359,819497.2255,8141099.876
1360,872216.8058,8140236.578
1361,922082.1008,8139298.729
1362,963334.5552,8138433.688
1363,939368.4754,8139905.839
1364,971992.4287,8139202.028
1365,985429.0553,8138897.469
1366,993108.0072,8138719.567
1367,1004627.663,8138447.436
1368,905814.3685,8141536.486
1369,791747.5378,8144376.599
1370,915424.7166,8142309.387
1371,934611.1923,8141923.799
1372,1031561.091,8139708.562
1373,900096.1555,8143564.378
1374,926955.5426,8143039.498
1375,944225.9187,8142683.961
1376,952862.2153,8142500.872
1377,959579.8591,8142356.015
1378,814776.8814,8145963.922
1379,989357.3203,8142648.697
1380,895336.3447,8145572.796
1381,1000901.311,8143339.359
1382,803302.3989,8148048.727
1383,921256.639,8146033.052
1384,964441.6177,8145130.661
1385,972120.9327,8144960.958
1386,908802.8416,8147236.638
1387,939507.9337,8146622.5
1388,796632.949,8151019.327
1389,933789.279,8148660.39
1390,977945.7377,8147712.076
1391,985627.2054,8147537.705
1392,1034612.131,8146360.166
1393,880076.2162,8150649.452
1394,914615.5938,8150003.429
1395,926131.1457,8149775.538
1396,947246.3174,8149341.421
1397,954925.6615,8149178.321
1398,992371.2905,8148343.149
1399,903119.4803,8151184.541
1400,1003918.877,8149033.267
1401,814890.6339,8153633.566
1402,960727.1949,8150974.274
1403,884924.8217,8153441.26
1404,907953.996,8153012.216
1405,921389.9112,8152750.365
1406,941547.0097,8152341.584
1407,968429.4498,8151766.633
1408,998201.0495,8151090.15
1409,974212.3504,8152599.278
1410,981895.2485,8152426.705
1411,791918.7985,8156838.094
1412,897434.1945,8155131.171
1413,936786.7346,8154360.565
1414,1009774.2,8152738.406
1415,990583.5322,8154150.291
1416,796739.8553,8158689.744
1417,812084.2607,8158470.79
1418,818797.9534,8158371.516
1419,929145.6977,8156436.61
1420,949307.9696,8156021.272
1421,904206.4893,8157884.08
1422,914765.1535,8157681.441
1423,957970.8131,8156797.705
1424,970455.9499,8156526.001
1425,893666.5406,8159041.23
1426,964714.2939,8157612.739
1427,924403.0144,8159412.775
1428,941686.2489,8159062.346
1429,986828.9906,8158080.925
1430,998358.293,8157814.938
1431,1004123.5,8157679.59
1432,881224.2763,8161187.078
1433,910999.3996,8161595.649
1434,947488.203,8160863.129
1435,991676.9118,8159892.477
1436,1009934.964,8159464.685
1437,888937.5769,8162968.496
1438,936943.9431,8162041.941
1439,794914.5337,8165430.134
1440,863038.967,8164383.559
1441,869757.401,8164268.59
1442,905275.532,8163625.699
1443,931201.3808,8163119.163
1444,953291.4956,8162662.744
1445,979229.7438,8162097.649
1446,920657.0971,8164289.602
1447,970603.9948,8163250.273
1448,1015770.978,8162209.861
1449,958135.4474,8164481.759
1450,1000414.886,8163535.925
1451,913012.1358,8166359.607
1452,942785.608,8165765.421
1453,965842.0803,8165276.82
1454,988904.1299,8164763.237
1455,886144.3546,8167820.652
1456,895745.8498,8167645.71
1457,975471.8815,8166026.785
1458,995653.8706,8165569.863
1459,1008149.749,8165277.41
1460,800737.4968,8170147.151
1461,875600.4333,8168968.147
1462,925534.8478,8168036.406
1463,936100.8666,8167824.335
1464,951471.5874,8167506.523
1465,820903.108,8170815.169
1466,890979.973,8169654.107
1467,980319.7331,8167841.8
1468,920770.1005,8170052.067
1469,931336.5804,8169842.569
1470,962081.699,8169203.382
1471,864129.0073,8172046.704
1472,945767.0974,8170509.26
1473,971712.631,8169955.604
1474,990936.135,8169525.147
1475,1016894.379,8168916.53
1476,806549.4435,8173904.321
1477,905438.7741,8172268.355
1478,956357.0542,8171248.445
1479,1000571.794,8170264.82
1480,896812.4171,8173389.947
1481,985212.0345,8171578.621
1482,1011170.928,8170977.589
1483,917002.4786,8173969.32
1484,939100.4144,8173530.11
1485,951612.824,8174232.792
1486,975641.9854,8173715.706
1487,994869.7573,8173282.591
1488,818123.319,8177576.76
1489,883418.08,8176514.806
1490,912235.947,8175983.139
1491,933373.9272,8175568.63
1492,1006430.991,8173976.054
1493,892080.121,8177319.937
1494,945886.4623,8176274.945
1495,967032.4397,8175827.452
1496,989144.6368,8175337.286
1497,1016071.134,8174709.707
1498,804711.3886,8179690.633
1499,863282.2121,8178784.655
1500,960324.1818,8176933.341
1501,999744.2045,8176056.431
1502,846011.6806,8180028.865
1503,900761.4201,8179082.505
1504,921899.9475,8178679.928
1505,979572.7227,8177476.124
1506,872919.712,8180541.943
1507,937295.5377,8179335.174
1508,887346.1801,8181249.216
1509,906562.2138,8180896.459
1510,970961.536,8179589.493
1511,1010391.428,8178694.367
1512,914267.9743,8181711.523
1513,942140.5828,8181159.805
1514,985406.708,8180232.087
1515,810540.2648,8184409.174
1516,859520.5368,8183651.314
1517,895067.2848,8183031.828
1518,926780.6199,8182429.801
1519,948889.5408,8181982.558
1520,964272.5656,8181658.022
1521,1002741.151,8180798.472
1522,804792.5476,8185451.232
1523,867221.7055,8184483.001
1524,958524.0098,8182742.492
1525,993144.3956,8181981.658
1526,881649.7483,8185194.726
1527,901829.2369,8184829.972
1528,934508.7054,8184199.352
1529,1007618.528,8183572.289
1530,886488.3151,8187031.444
1531,908592.7657,8186626.423
1532,953777.0164,8185728.308
1533,998020.1424,8184757.498
1534,845189.125,8188688.643
1535,863443.4306,8188390.754
1536,872091.1526,8188244.268
1537,940335.2962,8186967.209
1538,974955.2088,8186237.17
1539,983612.1574,8186045.967
1540,914396.5764,8188439.548
1541,922087.2263,8188291.447
1542,960549.1397,8187509.824
1543,968243.3281,8187345.268
1544,851945.2142,8190502.241
1545,896151.0058,8189741.473
1546,929797.4618,8189102.065
1547,992313.5543,8187775.409
1548,1003859.573,8187510.662
1549,947125.3623,8189714.481
1550,868312.7725,8192153.588
1551,903876.4091,8191522.516
1552,841421.8713,8193553.198
1553,856796.6817,8193306.683
1554,886590.8752,8192798.024
1555,986605.6965,8190791.789
1556,1011625.702,8190217.867
1557,911603.684,8193301.268
1558,918334.2857,8193173.031
1559,924103.7137,8193061.448
1560,937566.9597,8192795.109
1561,955841.3842,8192420.248
1562,974119.2476,8192029.942
1563,964519.3991,8193199.301
1564,980875.3358,8192844.426
1565,996271.8125,8192499.12
1566,826092.0128,8196671.277
1567,831857.4384,8196584.32
1568,846272.1059,8196360.236
1569,863571.8598,8196078.707
1570,899140.3215,8195456.707
1571,944338.4778,8194582.46
1572,1006903.197,8194180.399
1573,838613.906,8198402.971
1574,852069.4347,8198190.159
1575,858797.7363,8198080.631
1576,931872.9763,8196757.298
1577,950149.5893,8196388.012
1578,969391.8042,8195982.64
1579,1017514.877,8194894.385
1580,914579.5585,8198054.649
1581,959790.4796,8197149.594
1582,985772.1858,8196587.035
1583,906903.9566,8199161.002
1584,978094.2138,8197719.327
1585,1001194.314,8197201.569
1586,901151.5729,8200229.338
1587,939645.4017,8200451.679
1588,945418.0687,8200334.901
1589,1009903.317,8198926.592
1590,855030.9836,8202949.916
1591,921385.9773,8201773.3
1592,956022.2205,8201079.088
1593,963720.8102,8200917.325
1594,972382.4676,8200732.081
1595,992596.1417,8200286.41
1596,932949.0985,8202510.107
1597,848331.9727,8204980.768
1598,862754.2179,8204746.845
1599,985900.4772,8202362.325
1600,1004193.188,8201948.951
1601,1017674.46,8201634.501
1602,833926.0062,8206166.506
1603,840655.7186,8206063.022
1604,905087.3512,8204967.575
1605,999422.8288,8203984.953
1606,942648.3052,8206166.915
1607,958047.3669,8205850.958
1608,966710.4128,8205668.451
1609,1009074.766,8204726.579
1610,827239.6235,8209152.052
1611,974432.368,8206466.036
1612,980208.9034,8206340.469
1613,951369.3069,8208878.07
1614,990843.1884,8208032.167
1615,846515.3031,8211742.164
1616,856132.7577,8211588.636
1617,904231.6325,8210757.646
1618,840760.0644,8212793.943
1619,937932.4508,8211075.552
1620,986070.9623,8210065.098
1621,867706.8172,8213322.663
1622,943727.208,8211922.503
1623,977425.1044,8211217.754
1624,995723.3327,8210813.416
1625,816747.1884,8215075.967
1626,928345.0183,8213189.894
1627,956262.1324,8212629.573
1628,969742.2113,8212346.328
1629,1001524.427,8211645.792
1630,963022.1608,8213451.872
1631,822545.1485,8216915.725
1632,831201.1235,8216787.538
1633,854286.5125,8216429.045
1634,902395.1416,8215604.263
1635,982303.2959,8214002.082
1636,948618.8237,8215676.049
1637,939009.9712,8216832.391
1638,954435.6945,8217483.768
1639,972734.2036,8217099.885
1640,991999.6664,8216679.302
1641,997780.1047,8216549.825
1642,818753.7144,8220818.809
1643,960233.8439,8218327.257
1644,966012.5433,8218206.216
1645,944845.0365,8219605.556
1646,980481.7717,8218860.273
1647,899612.442,8221431.581
1648,986283.1506,8219697.385
1649,936216.5608,8221703.975
1650,993091.8296,8222438.903
1651,950721.026,8224304.322
1652,965170.7748,8224006.071
1653,1000823.042,8223229.835
1654,943997.8126,8225403.463
1655,938237.6619,8226481.474
1656,958467.0788,8226073.16
1657,972919.2555,8225770.148
1658,978700.7498,8225646.29
1659,986409.973,8225478.787
1660,951743.0625,8227174.686
1661,990286.0994,8226357.781
1662,939238.9432,8228388.968
1663,945982.2745,8228254.76
1664,964287.9404,8227880.103
1665,974887.5612,8227656.259
1666,997054.3463,8227171.767
1667,958526.6909,8228963.566
1668,985509.4303,8228391.113
1669,934460.1681,8230410.165
1670,969146.4394,8229706.265
1671,1002881.47,8228969.708
1672,1057849.547,8227659.724
1673,1052085.625,8228768.7
1674,978825.1841,8231428.722
1675,949933.1324,8232994.688
1676,938389.3831,8234188.476
1677,974046.9628,8233459.455
1678,990434.6989,8233105.251
1679,944189.9813,8235037.773
1680,999133.3269,8233877.005
1681,1045427.776,8232793.712
1682,960593.1168,8235669.654
1683,984692.3163,8235159.753
1684,968324.3873,8236473.278
1685,1053193.842,8234533.478
1686,955813.3225,8237696.168
1687,1061927.052,8236246.866
1688,978990.5315,8239140.983
1689,1038791.181,8237781.534
1690,940449.343,8240896.49
1691,963584.5619,8240429.74
1692,993475.9331,8239791.23
1693,1000226.961,8239641.486
1694,973246.2454,8241192.362
1695,986746.3629,8240903.267
1696,1055243.426,8239310.818
1697,950127.0608,8242632.913
1698,1046581.113,8240489.439
1699,957859.2916,8243440.943
1700,1060117.537,8241121.199
1701,982007.5149,8244865.047
1702,995511.2604,8244571.262
1703,1037965.225,8243594.624
1704,1065958.176,8242906.626
1705,936706.5159,8246755.596
1706,944419.348,8246604.466
1707,968525.8688,8246115.015
1708,976241.2475,8245952.892
1709,990730.3774,8246606.356
1710,1052490.578,8245173.806
1711,952171.544,8248379.192
1712,963763.7074,8249108.175
1713,1044814.797,8247292.863
1714,1058330.89,8246961.673
1715,1068976.704,8247661.37
1716,938728.5927,8251539.01
1717,946443.2364,8251387.589
1718,980202.0449,8250693.864
1719,996603.6151,8250338.533
1720,1037138.369,8249409.042
1721,987940.9346,8251492.962
1722,1049712.376,8250071.945
1723,1063255.163,8250704.045
1724,956145.8757,8254088.153
1725,969651.0622,8253811.367
1726,962937.7503,8255880.171
1727,999605.0918,8255099.69
1728,1043046.79,8254097.846
1729,1055600.869,8253792.73
1730,1072986.733,8253358.63
1731,950416.1713,8257098.065
1732,976465.3917,8256564.495
1733,984185.0729,8256400.598
1734,1034379.467,8255270.496
1735,990961.2704,8257220.104
1736,1060501.684,8256571.19
1737,1067263.685,8256402.77
1738,1047968.589,8257844.383
1739,956281.9994,8260841.284
1740,970756.265,8260545.447
1741,1040265.203,8258995.72
1742,946652.6955,8261998.145
1743,1053811.08,8259635.384
1744,963075.766,8262634.358
1745,979482.6876,8262293.79
1746,1032584.543,8261110.023
1747,1072191.606,8260145.964
1748,986259.9949,8263115.375
1749,995913.6282,8262906.668
1750,1062553.463,8261353.71
1751,974717.3104,8265290.827
1752,1044244.255,8263733.05
1753,952537.8755,8266708.382
1754,960278.3935,8267518.732
1755,968965.6406,8267341.477
1756,1037527.836,8265825.937
1757,1050087.49,8265525.871
1758,1056851.195,8265361.397
1759,1068447.472,8265074.716
1760,947750.5082,8268733.976
1761,984432.1712,8267983.591
1762,992156.4799,8267818.032
1763,1074270.641,8265895.659
1764,978679.9162,8270036.981
1765,954564.3073,8271495.965
1766,1031844.407,8270792.509
1767,1041506.886,8270565.363
1768,1054069.831,8270263.899
1769,1063734.988,8270027.251
1770,962326.1984,8273271.722
1771,972946.9892,8273054.373
1772,1071492.172,8270801.647
1773,1080193.085,8270582.258
1774,949794.8803,8274487.547
1775,983589.4265,8273797.763
1776,1047351.238,8272359.926
1777,957556.9007,8276265.327
1778,990391.2266,8275585.462
1779,1026136.416,8274791.639
1780,1035799.864,8274567.422
1781,946008.6346,8278424.901
1782,967252.2501,8278001.662
1783,979807.5415,8277742.243
1784,1058077.28,8275969.502
1785,939268.7713,8279520.88
1786,1043600.261,8277284.747
1787,1051333.568,8277100.048
1788,1064868.667,8276770.482
1789,1072604.063,8276578.532
1790,954756.0622,8281151.136
1791,996291.3173,8280290.828
1792,1011751.193,8279951.374
1793,1081356.352,8278293.682
1794,961535.7622,8281982.055
1795,975058.3676,8281706.395
1796,948033.9075,8283215.416
1797,987637.3489,8282409.366
1798,1055294.074,8280874.067
1799,979928.689,8283538.126
1800,1027280.407,8282501.116
1801,1035013.796,8282322.466
1802,1068856.086,8281509.974
1803,942276.7943,8285259.053
1804,967389.8284,8284762.751
1805,1048572.051,8282970.408
1806,1062110.108,8282643.565
1807,1077585.05,8282260.17
1808,927809.3652,8286498.479
1809,934569.2314,8286371.919
1810,957749.3993,8285922.836
1811,994462.9231,8285163.713
1812,1039915.583,8285109.988
1813,951991.7357,8287969.185
1814,975178.044,8287502.953
1815,985807.0326,8287281.411
1816,1082495.047,8285040.415
1817,1004190.296,8287853.66
1818,1020623.544,8287488.546
1819,1072845.04,8286250.321
1820,946233.4032,8290013.999
1821,964589.1942,8289651.851
1822,1052555.797,8287713.201
1823,1066097.39,8287384.893
1824,939489.9998,8291109.675
1825,1031303.053,8289179.837
1826,1046775.88,8288818.57
1827,995553.8432,8290941.78
1828,1009087.231,8290647.553
1829,1058405.847,8289508.051
1830,1078722.36,8289007.921
1831,969479.1611,8292452.998
1832,982042.681,8292194.487
1833,1016843.17,8291442.688
1834,1037149.99,8290979.727
1835,955003.8975,8293708.969
1836,1025567.466,8292213.475
1837,930868.5609,8295137.346
1838,960820.8241,8294560.56
1839,989836.318,8294931.889
1840,1001437.426,8294683.626
1841,1044955.593,8293700.415
1842,1052694.568,8293516.977
1843,1071077.679,8293070.837
1844,950229.1109,8296702.261
1845,975356.8753,8296200.543
1846,1033370.794,8294937.883
1847,1076907.889,8293894.626
1848,967644.0372,8297324.362
1849,1013082.894,8296363.491
1850,1065319.242,8295148.547
1851,1083706.903,8294692.777
1852,985063.6466,8297933.717
1853,1006335.033,8297479.268
1854,994752.4353,8298696.476
1855,1027633.644,8297972.406
1856,943538.9341,8300698.012
1857,957069.76,8300435.779
1858,1020884.642,8299092.545
1859,1041199.257,8298628.059
1860,1048939.489,8298446.393
1861,1056680.471,8298262.121
1862,979323.0916,8300954.541
1863,1070252.79,8298901.229
1864,1079932.198,8298661.638
1865,948408.4364,8302538.285
1866,961941.0715,8302273.49
1867,972594.8467,8303026.689
1868,989999.5389,8302666.754
1869,1009342.07,8302251.435
1870,996810.2072,8304457.506
1871,1002613.451,8304333.039
1872,1027765.365,8303776.829
1873,1063571.715,8302938.022
1874,1086806.214,8302364.182
1875,955250.0937,8306273.668
1876,983290.8366,8305709.313
1877,1014242.448,8305047.12
1878,1038431.195,8304500.931
1879,1045205.32,8304343.456
1880,1075211.982,8303622.155
1881,1052002.933,8305151.869
1882,1069426.985,8304732.901
1883,1081045.206,8304446.277
1884,1021057.817,8306831.797
1885,1057833.667,8305981.661
1886,965943.1595,8308964.441
1887,978515.1072,8308710.274
1888,1008501.43,8308076.654
1889,959212.3441,8311032.435
1890,972751.5803,8310762.665
1891,991129.4398,8310383.915
1892,999836.0559,8310199.425
1893,1063712.029,8308746.497
1894,1085015.409,8308222.996
1895,1013402.65,8310873.565
1896,1026950.722,8310572.321
1897,1034693.467,8310396.627
1898,1041468.969,8310240.772
1899,1049235.821,8311028.309
1900,948631.3168,8314139.779
1901,964105.0838,8313838.381
1902,983450.8765,8313447.157
1903,1056035.829,8311836.495
1904,1071528.991,8311463.482
1905,1079276.743,8311273.089
1906,942847.5621,8315217.147
1907,1022176.619,8313584.224
1908,968979.8528,8315676.642
1909,977686.136,8315500.955
1910,1060923.47,8313657.695
1911,996089.2656,8316086.993
1912,1002863.069,8315942.82
1913,1044485.423,8315013.897
1914,987400.9417,8317237.036
1915,1010626.258,8316743.468
1916,1037730.446,8316138.341
1917,1054213.795,8316723.912
1918,1066804.067,8316423.461
1919,953578.7272,8319849.906
1920,964219.8586,8319642.239
1921,1017444.12,8318531.082
1922,1025188.545,8318359.334
1923,1031965.506,8318206.943
1924,1084264.248,8316964.991
1925,973914.1534,8320416.79
1926,980687.3966,8320279.377
1927,1049417.192,8318774.426
1928,1042660.834,8319900.173
1929,991372.4901,8321995.065
1930,998147.6073,8321852.746
1931,931403.7306,8324137.194
1932,1005912.027,8322655.706
1933,1012688.555,8322509.251
1934,1037863.292,8321948.058
1935,1021423.445,8323286.297
1936,1062100.229,8322351.554
1937,1080508.533,8321905.394
1938,950787.8614,8325710.177
1939,985625.4623,8325018.992
1940,1030159.953,8324060.334
1941,1055342.141,8323480.945
1942,938228.7024,8326914.477
1943,967256.485,8326357.959
1944,976934.3881,8326164.467
1945,1045678.15,8324675.6
1946,1072804.188,8324032.854
1947,995365.839,8327721.976
1948,1002142.936,8327578.983
1949,961506.9096,8329375.358
1950,1010878.046,8328360.568
1951,909276.3325,8331304.122
1952,933462.5128,8330873.666
1953,981852.6362,8329938.112
1954,1017677.832,8329181.602
1955,1024457.252,8329032.325
1956,1038986.449,8328705.843
1957,1031258.963,8329849.714
1958,1055478.765,8329293.858
1959,1074859.963,8328831.147
1960,896734.1018,8333452.666
1961,944142.5412,8332611.797
1962,970275.1835,8332107.67
1963,987701.0098,8331755.457
1964,1069091.659,8330909.941
1965,958715.9402,8335239.157
1966,977109.9151,8334876.654
1967,1012940.513,8334129.499
1968,1041034.453,8333505.743
1969,888091.9798,8337465.973
1970,911311.667,8337075.432
1971,930665.2807,8336732.549
1972,983907.2983,8335707.773
1973,1007149.834,8335222.912
1974,1027492.194,8334779.838
1975,1035242.97,8334606.423
1976,1048808.607,8334296.8
1977,904555.2117,8338159.245
1978,924876.1136,8337804.815
1979,938425.6056,8337558.82
1980,990705.7377,8336537.129
1981,1000390.521,8336335.21
1982,1019763.337,8335919.432
1983,887156.0985,8339416.584
1984,929732.4962,8338685.674
1985,976199.9257,8337800.84
1986,1006222.531,8337180.766
1987,1025597.467,8336760.431
1988,1031410.821,8336631.224
1989,1038193.589,8336478.669
1990,911361.8707,8339978.383
1991,922975.0292,8339774.878
1992,937493.3235,8339512.482
1993,991714.2134,8338454.067
1994,1000431.281,8338272.353
1995,1016899.247,8337920.329
1996,955904.7457,8340135.477
1997,984954.5923,8339561.637
1998,943337.265,8341341.133
1999,961732.7574,8340991.821
2000,900766.4143,8343062.944
2001,950132.4245,8342182.282
2002,1064453.019,8339749.565
2003,1011169.801,8341921.128
2004,1027642.537,8341562.424
2005,905638.0815,8344916.778
2006,933709.6164,8344423.413
2007,1044140.665,8342161.532
2008,911462.0394,8345785.352
2009,965681.5428,8344790.043
2010,981178.4419,8344482.907
2011,996677.9915,8344165.638
2012,939554.1072,8346253.616
2013,946332.1014,8346128.027
2014,987010.202,8345333.84
2015,1003480.319,8344992.546
2016,1019953.569,8344639.804
2017,1058727.109,8343764.595
2018,896975.9603,8347966.652
2019,952160.4968,8346987.235
2020,1037421.159,8345223.154
2021,1009335.323,8346807.41
2022,891200.3735,8349998.071
2023,974475.088,8348493.107
2024,1024863.057,8347441.55
2025,901864.2736,8350789.852
2026,914449.7409,8350575.529
2027,993871.6235,8349070.266
2028,884456.1658,8352043.564
2029,961919.8719,8350676.567
2030,999705.856,8349918.766
2031,1018120.269,8349527.825
2032,936755.3339,8352116.898
2033,954189.1543,8351793.213
2034,981314.776,8351264.343
2035,1047226.06,8349851.128
2036,1007499.822,8351694.303
2037,910643.3991,8354515.036
2038,942601.9723,8353947.531
2039,1029816.721,8352182
2040,1040482.343,8351944.299
2041,1054058.816,8351634.852
2042,890326.9098,8355822.051
2043,931965.4061,8355109.963
2044,948431.7926,8354808.424
2045,987187.4336,8354054.102
2046,1022081.845,8353321.337
2047,903898.1035,8356566.459
2048,967826.4493,8355408.041
2049,974609.2004,8355275.142
2050,1002714.592,8354704.023
2051,957187.2459,8356581.826
2052,1034729.274,8354983.512
2053,980462.0828,8357097.898
2054,899104.8122,8359552.228
2055,908789.0765,8359389.917
2056,938815.99,8358861.875
2057,994050.9595,8357792.614
2058,1014409.211,8357366.498
2059,1027014.381,8357094.013
2060,963056.4546,8359377.618
2061,1055162.956,8357432.221
2062,877832.7652,8361832.023
2063,914633.3623,8361227.777
2064,924319.8296,8361059.384
2065,944664.4149,8360693.023
2066,987305.1153,8359869.383
2067,1041604.791,8358711.161
2068,967939.3545,8361222.321
2069,998957.9052,8360601.05
2070,1019319.783,8360171.494
2071,1047446.739,8359549.791
2072,895294.797,8363489.765
2073,953421.2054,8362468.757
2074,1009643.514,8361347.844
2075,1030978.683,8360888.137
2076,934059.4484,8363793.609
2077,977669.8452,8362971.1
2078,901138.1228,8365331.184
2079,960241.7358,8364278.794
2080,993200.4801,8363629.078
2081,1014533.238,8363184.539
2082,910841.353,8366137.358
2083,983524.8683,8364794.336
2084,1003886.401,8364378.871
2085,877923.5735,8367642.387
2086,883734.7859,8367551.025
2087,939925.8842,8366595.57
2088,917656.3141,8367959.026
2089,947696.7088,8367422.66
2090,1029145,8365780.615
2091,1039816.56,8365545.127
2092,866331.2975,8369757.815
2093,897327.2085,8369269.831
2094,967101.1836,8368026.128
2095,972917.9358,8367913.361
2096,1010735.996,8367146.078
2097,1022375.643,8366898.019
2098,1062156.937,8366007.895
2099,903155.9992,8370142.729
2100,933194.5357,8369625.047
2101,978754.1969,8368768.758
2102,961321.6624,8370076.305
2103,1048614.761,8368260.034
2104,954553.9286,8371173.709
2105,871233.0804,8373558.63
2106,921616.1487,8372737.101
2107,940031.3374,8372410.727
2108,988509.1482,8371484.707
2109,1043806.232,8370310.071
2110,907096.394,8373953.871
2111,969133.7117,8372836.426
2112,998227.6761,8372257.747
2113,1026361.061,8371664.985
2114,912927.2203,8374824.982
2115,982728.9691,8373540.548
2116,1005037.785,8373087.726
2117,1055496.825,8371987.849
2118,1018640.556,8373772.241
2119,1037077.672,8373372.44
2120,956583.7481,8375985.013
2121,963371.4011,8375856.877
2122,975978.3517,8375613.858
2123,1050687.548,8374039.495
2124,868400.3231,8378446.625
2125,881965.1077,8378237.963
2126,935271.5533,8377344.772
2127,943997.045,8377187.452
2128,853882.4069,8379630.541
2129,874228.4697,8379327.05
2130,916870.1198,8378635.878
2131,987655.8862,8377323.69
2132,1000267.238,8377068.303
2133,1010939.81,8376847.071
2134,1044907.04,8376111.793
2135,860678.3561,8380500.123
2136,1032310.177,8377361.033
2137,896547.8326,8380913.446
2138,969264.3966,8379624.882
2139,952795.2534,8380905.817
2140,1005178.471,8379879.186
2141,1019734.889,8379573.918
2142,1026528.747,8379428.465
2143,939236.6389,8382123.197
2144,978050.9523,8382365.806
2145,1042102.728,8381030.472
2146,856873.6109,8385401.731
2147,868502.5641,8385229.568
2148,911152.1668,8384550.835
2149,963518.609,8383615.717
2150,1013002.645,8382628.94
2151,851073.4343,8386454.739
2152,875301.4921,8386095.78
2153,1037291.221,8383079.226
2154,862716.6248,8387254.577
2155,893733.7632,8386776.279
2156,985870.0185,8385123.747
2157,1017896.573,8384468.056
2158,1023720.875,8384344.305
2159,1031487.248,8384177.13
2160,881147.0941,8387944.67
2161,949022.8772,8386796.536
2162,968424.4024,8386433.784
2163,991711.6093,8385978.076
2164,999475.3634,8385821.222
2165,1007239.81,8385661.89
2166,1047043.888,8384806.377
2167,918004.9787,8388314.523
2168,923823.4339,8388214.781
2169,940310.8703,8387924.645
2170,975234.6766,8387273.437
2171,887963.3623,8389777.238
2172,956819.1109,8388593.478
2173,1042231.603,8386856.296
2174,1056799.246,8386530.274
2175,857927.4341,8391202.53
2176,866651.1896,8391074.005
2177,981094.5934,8389100.812
2178,1035455.447,8387976.478
2179,875390.3824,8391911.803
2180,945213.3559,8390747.295
2181,963646.8886,8390406.732
2182,1051015.429,8388604.195
2183,952022.0674,8391593.624
2184,1004427.7,8390575.246
2185,1016077.615,8390333.659
2186,1023845.12,8390169.509
2187,885130.8022,8394670.755
2188,970494.7332,8393188.982
2189,986994.1621,8392868.411
2190,998642.6512,8392635.421
2191,1040396.138,8391754.908
2192,863814.7925,8395964.26
2193,871571.1223,8395848.646
2194,911330.6431,8395217.645
2195,857042.4454,8397032.888
2196,1035582.203,8393803.439
2197,920093.3242,8397010.589
2198,939496.7637,8396672.857
2199,959874.4861,8396301.72
2200,991905.5955,8395684.27
2201,1012295.041,8395269.531
2202,876463.4428,8398684.156
2203,966686.3696,8397144.805
2204,978334.064,8396922.017
2205,1004546.905,8396400.502
2206,902664.9623,8399241.351
2207,948264.7587,8398456.654
2208,1026903.367,8396905.384
2209,1049246.06,8396418.875
2210,883281.8069,8400519.465
2211,894920.7648,8400336.439
2212,954105.332,8399320.894
2213,971576.4299,8398993.987
2214,1021096.318,8398000.185
2215,868749.235,8401710.272
2216,1037630.474,8398618.158
2217,862944.9175,8402765.988
2218,908533.1285,8402056.203
2219,937659.2397,8402529.493
2220,944452.8113,8402408.601
2221,989108.3942,8401567.506
2222,995905.731,8401432.404
2223,1007559.543,8401196.427
2224,1015329.631,8401036.038
2225,1042530.662,8400455.307
2226,1057106.422,8400131.794
2227,858124.1841,8404776.073
2228,878491.8579,8404473.693
2229,890132.1448,8404293.36
2230,961942.2754,8403059.868
2231,1031864.315,8401658.564
2232,900819.1501,8405093.421
2233,1001771.748,8403257.485
2234,1024112.912,8402795.552
2235,950329.1064,8405215.466
2236,956153.5852,8405109.153
2237,980426.1423,8404651.366
2238,865925.7581,8407572.639
2239,884356.8966,8407294.455
2240,974618.6998,8405734.403
2241,874670.5489,8408412.654
2242,968811.1611,8406815.977
2243,1017373.52,8405852.676
2244,1039721.501,8405377.413
2245,1055271.577,8405034.826
2246,1010593.104,8406964.759
2247,896045.4991,8410022.574
2248,902838.1886,8409913.608
2249,940691.2361,8409272.385
2250,961079.6078,8408903.117
2251,1004784.132,8408055.164
2252,1044623.142,8407215.175
2253,909647.269,8410773.274
2254,1023264.15,8408645.586
2255,861146.2934,8412493.756
2256,915486.6987,8411647.435
2257,945579.9496,8411127.706
2258,867951.7326,8413364.682
2259,878624.716,8413205.001
2260,890269.1092,8413025.571
2261,953365.0922,8411958.642
2262,992213.7496,8411222.177
2263,1050519.333,8410002.997
2264,1060241.007,8409786.414
2265,978633.4723,8412458.17
2266,986404.331,8412307.914
2267,1018466.409,8411662.31
2268,1030128.357,8411417.24
2269,936893.2618,8414194.964
2270,970881.6019,8413577.241
2271,898079.1263,8415814.542
2272,958273.7578,8414783.276
2273,965072.2432,8414657.673
2274,1005873.839,8413864.906
2275,1013647.729,8413706.286
2276,1035029.655,8413257.492
2277,873831.315,8417159.555
2278,884506.505,8416997.735
2279,904889.2505,8416676.089
2280,1000063.327,8414953.917
2281,1056438.882,8413762.531
2282,864141.5725,8418273.058
2283,918496.1356,8417423.222
2284,948597.3247,8416901.711
2285,878712.9174,8419027.578
2286,892301.3406,8418818.417
2287,942787.7526,8417976.607
2288,990385.3147,8417089.556
2289,1027315.258,8416338.816
2290,1044814.116,8415964.008
2291,931151.5483,8419150.999
2292,973887.4758,8418379.109
2293,1018587.366,8417493.562
2294,962248.2326,8419568.291
2295,995282.0355,8418937.362
2296,902055.0888,8421576.892
2297,912735.0911,8421403.483
2298,1052656.974,8418710.714
2299,968113.1143,8421403.149
2300,981715.736,8421145.77
2301,1002123.55,8420745.77
2302,1013787.315,8420509.684
2303,883639.9556,8423807.124
2304,917622.2995,8423265.232
2305,1040057.669,8420930.864
2306,1046864.73,8420783.519
2307,906956.6983,8424411.52
2308,925407.6673,8424106.053
2309,938033.9345,8423889.198
2310,955519.1363,8423578.397
2311,989527.4679,8422938.985
2312,1007994.558,8422572.447
2313,1030354.827,8422110.424
2314,868137.0595,8425980.824
2315,875903.059,8425865.99
2316,895320.3777,8425568.364
2317,931251.6347,8424978.024
2318,949707.7592,8424654.806
2319,974969.2772,8424190.406
2320,994425.0692,8424787.736
2321,1019700.228,8424278.354
2322,889524.8743,8427601.108
2323,962373.3688,8426369.069
2324,1000276.458,8425644.522
2325,913817.9024,8428185.189
2326,880815.7808,8429676.591
2327,901208.1039,8429360.451
2328,920632.9503,8429043.952
2329,942976.0762,8428661.369
2330,982817.9843,8427929.925
2331,1013926.352,8427314.944
2332,1033374.877,8426910.913
2333,1046991.61,8426619.077
2334,870149.8055,8430806.479
2335,908993.3578,8430206.899
2336,955624.5984,8429408.006
2337,1008112.268,8428405.465
2338,894440.5978,8431409.933
2339,937180.6149,8430706.152
2340,968275.7712,8430148.573
2341,1026607.978,8428999.042
2342,876004.3917,8432662.388
2343,929424.8976,8431811.035
2344,976069.494,8430975.136
2345,990650.735,8430696.124
2346,1039272.706,8429704.755
2347,997475.2779,8431535.272
2348,1055832.169,8430319.109
2349,884773.6893,8434473.158
2350,960554.1589,8433207.16
2351,980966.6358,8432827.262
2352,907129.0687,8435094.995
2353,920729.9918,8434872.625
2354,948909.132,8434388.613
2355,1016962.755,8433090.063
2356,1030579.895,8432808.203
2357,1047118.059,8432455.999
2358,872177.4003,8436604.228
2359,889659.6637,8436341.4
2360,901316.0314,8436159.445
2361,939208.1356,8435530.835
2362,971282.04,8434954.366
2363,1022818.487,8433942.831
2364,955747.1848,8436210.932
2365,987828.0149,8435613.728
2366,1036457.729,8434630.824
2367,966457.4363,8436988.518
2368,933427.4921,8438546.575
2369,992727.5299,8437464.492
2370,1041363.825,8436473.304
2371,1054014.007,8436200.176
2372,880005.1526,8440374.124
2373,897491.319,8440106.519
2374,913036.9366,8439858.488
2375,924713.9073,8440637.986
2376,874205.6335,8442403.37
2377,884891.5645,8442243.917
2378,892663.7885,8442125.118
2379,902379.8432,8441973.261
2380,908209.8973,8441880.356
2381,939309.0587,8441362.155
2382,959723.1892,8441001.282
2383,1033641.433,8439557.145
2384,1047265.038,8439267.461
2385,918915.1696,8442678.359
2386,952935.3062,8442095.56
2387,972380.7773,8441741.969
2388,946147.3755,8443187.905
2389,1001575.968,8442156.214
2390,991867.9706,8443318.652
2391,1054162.495,8443013.284
2392,890795.1976,8447013.231
2393,912175.3928,8446676.829
2394,957866.1848,8445897.756
2395,976343.0942,8445559.422
2396,1019146.437,8444724.106
2397,1025958.044,8444584.534
2398,1044449.56,8444196.436
2399,905387.5758,8447757.701
2400,935520.821,8447261.459
2401,950104.6746,8447008.492
2402,964690.7466,8446747.137
2403,984142.4191,8446385.602
2404,876248.81,8449175.561
2405,883050.7705,8449074.498
2406,899571.543,8448821.482
2407,920955.1343,8448478.106
2408,926787.7881,8448381.333
2409,942343.1889,8448116.722
2410,970543.7354,8447612.806
2411,1014320.564,8446768.733
2412,1034757.447,8446348.924
2413,1049358.375,8446038.95
2414,904446.4502,8449716.968
2415,918054.8331,8449498.062
2416,925831.8547,8449369.701
2417,931665.0108,8449271.868
2418,945277.0421,8449038.383
2419,954028.6402,8448884.432
2420,961808.5138,8448745.054
2421,981261.0569,8448386.172
2422,987097.6351,8448275.599
2423,994880.3374,8448126.077
2424,1014340.156,8447741.816
2425,1032831.16,8447362.919
2426,1040618.1,8447199.342
2427,1048405.799,8447033.368
2428,877249.1675,8451104.684
2429,912238.1222,8450564.825
2430,939459.7943,8450111.657
2431,969606.9006,8449575.915
2432,1005601.934,8448889.603
2433,1026038.231,8448477.341
2434,898645.1106,8451752.454
2435,976451.8773,8451395.495
2436,1019265.079,8450563.061
2437,887983.2254,8453860.56
2438,882166.0689,8454920.09
2439,985244.2645,8453176.939
2440,1000813,8452877.566
2441,1035853.076,8452169.103
2442,908427.3678,8455487.836
2443,964832.0483,8454528.172
2444,1007644.466,8453716.822
2445,1053399.785,8452770.516
2446,892887.8081,8456702.734
2447,957067.4674,8455640.675
2448,916236.9548,8457307.547
2449,923043.764,8457196.397
2450,938603.9036,8456935.528
2451,944439.5868,8456835.258
2452,972650.4193,8456331.803
2453,979461.2179,8456205.604
2454,1025204.584,8455311.117
2455,1046624.991,8454864.173
2456,903612.1823,8458481.43
2457,1012569.126,8456540.144
2458,1040802.991,8455961.588
2459,928910.9754,8459044.736
2460,952255.2629,8458645.007
2461,992148.4785,8457912.776
2462,881280.6301,8460766.879
2463,887113.7715,8460679.857
2464,1000926.854,8458717.034
2465,1020396.204,8458330.755
2466,912409.8828,8461259.875
2467,985372.8949,8459988.569
2468,1007759.815,8459556.978
2469,964955.152,8461338.528
2470,1054520.626,8459567.051
2471,896881.2674,8463448.941
2472,980543.2144,8462026.206
2473,906621.1508,8464270.045
2474,918292.2473,8464083.593
2475,949421.7404,8463560.431
2476,1026317.434,8462106.868
2477,891076.4054,8465482.815
2478,932899.2907,8464815.869
2479,972793.2746,8464116.467
2480,1034128.343,8462920.694
2481,1039972.125,8462799.144
2482,927078.5989,8465885.804
2483,991305.0761,8464744.755
2484,1015645.239,8464270.527
2485,1021487.92,8464153.27
2486,884298.4823,8467529.768
2487,999111.9745,8465569.091
2488,1046831.646,8464603.886
2489,902791.6794,8468221.319
2490,986474.4866,8466783.732
2491,1052697.628,8465453.834
2492,913506.8913,8469025.389
2493,1029338.602,8466916.742
2494,897000.6453,8471229.416
2495,919375.2427,8470877.305
2496,974846.9055,8469920.938
2497,1011846.623,8469216.923
2498,1041068.356,8468623.489
2499,886315.8789,8472363.589
2500,908689.0793,8472020.958
2501,932040.0974,8471642.75
2502,995310.7721,8470512.172
2503,1001153.374,8470399.973
2504,892166.6136,8473248.793
2505,925244.7689,8472728.266
2506,939841.4606,8472485.148
2507,989486.9258,8471596.733
2508,1016754.992,8471068.283
2509,1047929.446,8470428.943
2510,1022618.899,8471925.388
2511,1053817.571,8472253.859
2512,888333.8307,8477198.348
2513,929201.2543,8476556.853
2514,1028523.243,8474729.87
2515,900023.57,8477994.614
2516,906834.7083,8477889.169
2517,912673.176,8477797.362
2518,921431.491,8477657.185
2519,935057.0364,8477433.246
2520,971076.5981,8476806.871
2521,985683.1067,8476538.644
2522,1002240.064,8476224.672
2523,994466.645,8477347.706
2524,1016871.122,8476913.042
2525,895188.2252,8480014.799
2526,978902.22,8478612.46
2527,1040276.333,8477413.292
2528,1023730.193,8478725.604
2529,1051017.733,8478163.667
2530,1034469.145,8479482.815
2531,903990.894,8482800.155
2532,1028641.744,8480576.341
2533,891354.5135,8483965.676
2534,920552.3605,8483512.633
2535,926392.9123,8483418.092
2536,969251.7222,8483658.583
2537,986784.051,8483338.367
2538,931292.3741,8485285.38
2539,992647.26,8484203.195
2540,1018955.098,8483695.043
2541,976104.8574,8485483.528
2542,1049191.157,8484053.611
2543,961512.1213,8486718.794
2544,1023866.794,8485547.236
2545,1043362.076,8485150.44
2546,895320.4951,8488773.436
2547,900216.9911,8490646.546
2548,966433.921,8489554.816
2549,982021.0404,8489273.522
2550,996636.4359,8489001.344
2551,1030748.745,8488334.371
2552,1037572.9,8488195.613
2553,1003495.118,8490820.633
2554,976228.4699,8492302.91
2555,1012285.866,8491626.008
2556,1022033.722,8491434.512
2557,1047383.597,8490919.567
2558,895408.2831,8494614.16
2559,905144.3484,8494466.301
2560,962606.0527,8493520.259
2561,987939.1836,8493063.298
2562,1027922.064,8493267.764
2563,1039622.734,8493030.818
2564,1033791.926,8494125.02
2565,971426.6566,8496287.947
2566,899361.5322,8498450.13
2567,992902.7717,8497845.776
2568,1025094.105,8498201.387
2569,1043623.735,8497826.999
2570,1035841.019,8498961.513
2571,972505.5019,8502117.749
2572,1031003.787,8501010.344
2573,1006661.882,8503437.705
2574,1042768.248,8503699.751
2575,1022303.235,8505085.872
2576,995034.1665,8507558.624
2577,1013563.212,8507207.506
2578,1028213.655,8507896.625
2579,1001896.946,8509381.221
2580,1040916.342,8508617.704
2581,907390.6511,8513916.878
2582,1023412.751,8511895.103
2583,1008835.531,8515104.423
2584,1033227.882,8514629.41
2585,1003000.76,8516190.591
2586,1020618.796,8518782.256
2587,1006019.393,8521013.665
2588,1021708.257,8524619.002
2589,998322.243,8527014.035
2590,1035412.984,8526303.381
2591,1012979.903,8527715.702
2592,1028598.347,8527414.386
2593,992556.2221,8532000.94
2594,1000382.354,8532833.827
2595,1011120.043,8532633.359
2596,1021859.107,8532428.599
2597,1017014.784,8534474.843
2598,1033614.502,8534153.359
2599,995573.3532,8536827.959
2600,989751.6508,8538886.466
2601,1022948.319,8538268.531
2602,1004413.734,8539595.251
2603,1029803.586,8539112.901
2604,1012243.539,8540425.872
2605,1017163.291,8542286.818
2606,1009405.208,8545363.626
2607,1031871.257,8544935.687
2608,996727.4161,8546573.791
2609,1014343.691,8548202.467
2610,1001663.938,8549414.638
2611,1025108.076,8548975.53
2612,1021274.476,8552958.124
2613,1027155.848,8553823.468
2614,1011540.679,8555095.66
2615,998875.6812,8557282.58
2616,1023321.499,8557806.902
2617,1008681.772,8559058.222
2618,1026272.001,8558728.44
2619,997986.8274,8562185.371
2620,1010726.3,8563908.345
2621,1021477.609,8563708.022
2622,1004915.916,8566947.776
2623,1025461.597,8567544.421
2624,1017731.782,8572579.44
2625,947691.4477,8594320.745
2626,952611.1344,8596198.5
2627,957578.952,8601009.597
2628,948808.182,8603105.696
2629,957673.1542,8606878.218
2630,948915.7798,8609952.368
2631,956773.0056,8611785.263
2632,995932.8904,8612113.783
2633,948029.2018,8615837.516
2634,955903.2532,8618650.12
2635,948150.813,8623665.828
2636,931616.7432,8630769.096
2637,947739.7113,8660894.011
